RecipeID,RecipeName,ServingSize,GramsPerServing,Calories,Protein,Total Fat,Saturated Fat,Trans Fat,Total Carbohydrate,Dietary Fiber,Total Sugars,Added Sugars,Sodium,Cholesterol,sales_item,match_score,needs_review
30008,Apple Juice,Each,119.9,60.0,0.0,0.0,0.0,0.0,14.0,0.0,13.0,0.0,5.0,0.0,$0.50 Juice,6.0,False
30054,Berry Juice,1 cup,226.8,120.0,0.0,0.0,0.0,0.0,29.0,0.0,27.0,0.0,20.0,0.0,$0.50 Juice,6.0,False
30069,"Canned Pears, Diced",1/2 cup,124.0,60.0,0.0,0.0,0.0,0.0,16.0,2.0,11.0,0.0,5.0,0.0,$0.50 Juice,0.0,False
20040,Cucumber Slices,6 Slices per 1/2 cup,113.4,17.0,1.0,0.0,0.0,0.0,4.0,1.0,2.0,0.0,2.0,0.0,$0.50 Juice,0.0,False
60045,Cucumber Slices,1/2 cup,74.8,11.0,0.0,0.0,0.0,0.0,3.0,0.0,1.0,0.0,1.0,0.0,$0.50 Juice,0.0,False
30097,Bottled Water,Bottle,479.1,0.0,0.0,0.0,0.0,0.0,0.0,0.0,0.0,0.0,10.0,0.0,$1.00 WATER 16.9oz,6.0,False
30118,Kettle Cooked Smoky BBQ Chips,Each,39.1,,,,,,,,,,,,$1.25 CHIPS,6.0,False
30160,Lay's RF Kettle Original Chips,Each,39.1,,,,,,,,,,,,$1.25 CHIPS,6.0,False
30119,RF Kettle Chips Jalapeno & Cheddar Chips,Each,39.1,,,,,,,,,,,,$1.25 CHIPS,6.0,False
30120,RF Kettle Chips Sea Salt & Vinegar Chips,Each,39.1,,,,,,,,,,,,$1.25 CHIPS,6.0,False
30109,Smartfood RF White Cheddar Popcorn,Each,28.3,,,,,,,,,,,,$1.25 POPCORN,6.0,False
30071,Sweet N' Salty Popcorn,Bag,28.3,130.0,2.0,5.0,1.0,0.0,20.0,3.0,5.0,5.0,140.0,0.0,$1.25 POPCORN,6.0,False
30073,IW Heartzels Pretzels,Package,19.8,80.0,2.0,1.0,0.0,0.0,16.0,2.0,1.0,0.0,200.0,0.0,$1PRETZEL,0.0,False
30180,"Onions, Red, pre-sliced - temp",1/4 cup,79.4,32.0,1.0,0.0,0.0,0.0,7.0,1.0,3.0,0.0,3.0,0.0,$1PRETZEL,0.0,False
10044,Soft Pretzel,1 pretzel,62.0,150.0,5.0,1.0,0.0,0.0,30.0,3.0,1.0,0.0,140.0,0.0,$1PRETZEL,0.0,False
20052,Assorted  4 oz Yogurt,Container,0.0,,,,,,,,,,,,ALC $1 YOGURT OZ,10.0,False
30093,Natural Breakfast Syrup,Each,28.3,80.0,0.0,0.0,0.0,0.0,21.0,0.0,21.0,21.0,15.0,0.0,ALC BREAKFAST ENTREE,6.0,False
20053,"Egg, Hard Boiled, Bulk pouch",Each,50.0,78.0,6.0,5.0,2.0,,1.0,0.0,1.0,0.0,62.0,187.0,ALC HARD BOILED EGG,14.0,False
20020,Hard Boiled Eggs,Each,50.0,78.0,6.0,5.0,2.0,,1.0,0.0,1.0,0.0,62.0,187.0,ALC HARD BOILED EGG,10.0,False
30102,1% Unflavored Shelf-Stable Milk,Each,226.8,110.0,8.0,3.0,2.0,0.0,12.0,0.0,12.0,0.0,105.0,10.0,ALC MILK,6.0,False
20001,1% White Milk,Each,246.0,110.0,8.0,3.0,2.0,0.0,13.0,0.0,12.0,0.0,125.0,10.0,ALC MILK,6.0,False
30095,Honey Cran Trail Mix,Package,61.2,270.0,5.0,13.0,2.0,0.0,36.0,5.0,27.0,25.0,55.0,0.0,ALC MILK,0.0,False
30188,"Milk, Soy, Plain, Bulk (12/32 oz)",1 cup,240.0,140.0,10.0,6.0,1.0,0.0,13.0,1.0,9.0,5.0,130.0,0.0,ALC MILK,6.0,False
30184,"Milk, Soy, Unflavored (24/8 oz)",each,205.5,141.0,8.0,5.0,0.0,0.0,17.0,2.0,15.0,14.0,111.0,0.0,ALC MILK,6.0,False
30012,Oat Milk,Each,226.8,130.0,8.0,1.0,0.0,0.0,22.0,0.0,18.0,18.0,150.0,0.0,ALC MILK,6.0,False
30011,"Salsa, Mild Canned",1.5 oz,43.5,15.0,0.0,0.0,0.0,0.0,3.0,2.0,2.0,0.0,105.0,0.0,ALC MILK,0.0,False
30013,Sweet Heat Trail Mix,Package,64.4,294.0,5.0,15.0,2.0,0.0,39.0,4.0,26.0,11.0,210.0,0.0,ALC MILK,0.0,False
POS91,Broccoli Alfredo Penne - ALC,serving,0.0,,,,,,,,,,,,ALC VEGETABLE/FRUIT,6.0,False
20027,Broccoli Florets,6 Pieces per 1/2 cup,31.2,9.0,1.0,0.0,0.0,0.0,2.0,1.0,0.0,0.0,8.0,0.0,ALC VEGETABLE/FRUIT,0.0,False
20067,"CLPP, Broccoli Crowns",1/2 cup,8.5,2.0,0.0,0.0,0.0,0.0,0.0,0.0,0.0,0.0,5.0,0.0,ALC VEGETABLE/FRUIT,0.0,False
20056,"CLPP, Lettuce, Green Leaf",1 cup,75.0,,,,,,,,,,,,ALC VEGETABLE/FRUIT,0.0,False
10062,Corn,1/2 cup (cooked),82.5,71.0,3.0,0.0,0.0,0.0,17.0,2.0,2.0,,0.0,0.0,ALC VEGETABLE/FRUIT,0.0,False
10126,"Corn, Flame-Roasted, Frozen, Bulk",2 TBSP,20.4,25.0,1.0,1.0,0.0,0.0,4.0,1.0,2.0,0.0,0.0,0.0,ALC VEGETABLE/FRUIT,0.0,False
10107,Fish Filet Potato Encrusted,each,102.1,202.0,14.0,10.0,2.0,0.0,14.0,1.0,0.0,0.0,293.0,45.0,ALC VEGETABLE/FRUIT,0.0,False
60077,Manager's Vegetable Choice,1/4 cup,0.0,,,,,,,,,,,,ALC VEGETABLE/FRUIT,6.0,False
10039,Potato Encrusted Breaded Pollock,Fillet,102.1,210.0,14.0,11.0,2.0,0.0,13.0,1.0,0.0,0.0,330.0,45.0,ALC VEGETABLE/FRUIT,0.0,False
10088,Potato Wedges,4 pieces,41.1,63.0,1.0,2.0,0.0,0.0,10.0,1.0,0.0,0.0,48.0,0.0,ALC VEGETABLE/FRUIT,0.0,False
60054,Steamed Broccoli,1/2 cup,31.2,9.0,1.0,0.0,0.0,0.0,2.0,1.0,0.0,0.0,8.0,0.0,ALC VEGETABLE/FRUIT,0.0,False
60022,Tex Mex Corn,1/2 cup,167.6,115.0,4.0,1.0,0.0,0.0,27.0,3.0,4.0,,2.0,0.0,ALC VEGETABLE/FRUIT,0.0,False
60144,Tomato Basil Lasagna,Each,192.7,313.0,19.0,10.0,5.0,0.0,34.0,3.0,8.0,,542.0,28.0,ALC VEGETABLE/FRUIT,0.0,False
60123,Tomato Soup,6 oz Ladle,191.4,132.0,7.0,7.0,3.0,0.0,12.0,2.0,7.0,1.0,307.0,16.0,ALC VEGETABLE/FRUIT,0.0,False
20072,"Tomato, Large, whole, Plum",1/4 cup sliced,45.4,8.0,0.0,0.0,0.0,0.0,2.0,1.0,1.0,0.0,2.0,0.0,ALC VEGETABLE/FRUIT,0.0,False
60064,Vegetable Dumpling,6 dumplings,136.1,242.0,16.0,5.0,1.0,0.0,33.0,4.0,2.0,1.0,363.0,0.0,ALC VEGETABLE/FRUIT,6.0,False
60128,Alfredo & Basil Lasagna,Each,199.5,397.0,26.0,16.0,9.0,0.0,34.0,2.0,9.0,,719.0,49.0,ALFREDO LASAGNA-ES,10.0,False
60122,Asian Meatball Sub,sandwich,329.0,520.0,19.0,18.0,5.0,1.0,68.0,6.0,31.0,24.0,1759.0,61.0,ASIAN BEEF MEATBALL SUB-ES,14.0,False
60042,Beef Meatball Sub Sandwich,Sandwich,218.8,412.0,26.0,19.0,8.0,1.0,35.0,6.0,8.0,4.0,802.0,63.0,ASIAN BEEF MEATBALL SUB-ES,14.0,False
60120,Asian Veggie Sub,sandwich,347.1,539.0,19.0,16.0,2.0,0.0,84.0,8.0,32.0,24.0,1757.0,13.0,ASIAN VEGGIE SUB-ES,14.0,False
10020,Bagel,Bagel,54.0,170.0,6.0,1.0,0.0,0.0,35.0,1.0,3.0,0.0,300.0,0.0,BAGEL W/CREAM CHEESE,6.0,False
20009,Cream Cheese,Each,28.3,70.0,1.0,6.0,4.0,0.0,2.0,0.0,2.0,1.0,100.0,20.0,BAGEL W/CREAM CHEESE,10.0,False
10120,Honey Wheat Bagel,Bagel,56.7,130.0,4.0,1.0,0.0,0.0,25.0,3.0,2.0,2.0,200.0,0.0,BAGEL W/CREAM CHEESE,6.0,False
20030,Sour Cream,2 Tablespoons,30.0,60.0,1.0,5.0,3.0,0.0,1.0,0.0,1.0,1.0,15.0,15.0,BAGEL W/CREAM CHEESE,6.0,False
60160,BBQ Chicken Drumstick,Drumstick,120.3,185.0,17.0,8.0,2.0,0.0,10.0,0.0,8.0,7.0,434.0,90.0,BBQ CHICKEN DRUMSTICK ELEMENTARY,14.0,False
10066,"Chicken, Drumstick, Roasted",Each Drumstick,147.4,282.0,24.0,16.0,4.0,0.0,8.0,0.0,2.0,2.0,1035.0,118.0,BBQ CHICKEN DRUMSTICK ELEMENTARY,10.0,False
60117,"Chicken, Drumstick, Sweet Thai Chili",Drumstick,175.8,336.0,24.0,16.0,4.0,0.0,21.0,0.0,13.0,12.0,1338.0,118.0,BBQ CHICKEN DRUMSTICK ELEMENTARY,10.0,False
30099,Chickpeas,1/4 cup,65.0,40.0,2.0,1.0,0.0,0.0,7.0,2.0,1.0,0.0,70.0,0.0,BBQ CHICKEN DRUMSTICK ELEMENTARY,0.0,False
30159,Chickpeas,1/2 cup,130.0,80.0,4.0,1.0,0.0,0.0,14.0,4.0,2.0,0.0,140.0,0.0,BBQ CHICKEN DRUMSTICK ELEMENTARY,0.0,False
60017,Korean Chicken Drumstick,Drumstick,175.8,317.0,24.0,16.0,4.0,0.0,16.0,0.0,8.0,7.0,1229.0,118.0,BBQ CHICKEN DRUMSTICK ELEMENTARY,10.0,False
60188,Peruvian Chicken Drumstick,Each,111.1,154.0,17.0,8.0,2.0,,2.0,,1.0,1.0,528.0,90.0,BBQ CHICKEN DRUMSTICK ELEMENTARY,10.0,False
60161,Potstickers,6 Potstickers,143.6,242.0,16.0,5.0,1.0,0.0,33.0,4.0,2.0,1.0,363.0,0.0,BBQ CHICKEN DRUMSTICK ELEMENTARY,0.0,False
60170,BBQ  Turkey Sandwich,Sandwich,212.9,315.0,24.0,7.0,1.0,0.0,42.0,4.0,14.0,12.0,995.0,68.0,BBQ CHICKEN SANDWICH ELEMENTARY,10.0,False
60043,BBQ Chicken Sandwich,Sandwich,151.4,331.0,29.0,2.0,,,36.0,4.0,11.0,10.0,375.0,71.0,BBQ CHICKEN SANDWICH ELEMENTARY,14.0,False
60074,Chicken Parmesan Sandwich,Sandwich,215.8,459.0,26.0,21.0,5.0,0.0,45.0,6.0,6.0,3.0,827.0,45.0,BBQ CHICKEN SANDWICH ELEMENTARY,10.0,False
60133,Chicken Philly Sandwich,each,808.4,452.0,34.0,11.0,3.0,0.0,66.0,16.0,26.0,3.0,969.0,54.0,BBQ CHICKEN SANDWICH ELEMENTARY,10.0,False
60001,Crispy Chicken Sandwich,Sandwich,142.0,350.0,18.0,14.0,1.0,0.0,41.0,5.0,3.0,3.0,610.0,30.0,BBQ CHICKEN SANDWICH ELEMENTARY,10.0,False
60104,"Tacos, Korean BBQ Chicken",2 Tacos,183.3,315.0,22.0,8.0,2.0,0.0,40.0,4.0,8.0,7.0,791.0,50.0,BBQ CHICKEN SANDWICH ELEMENTARY,10.0,False
10069,Bean and Cheese Pupusa,Pupusa,155.9,290.0,13.0,11.0,3.0,0.0,35.0,4.0,1.0,0.0,480.0,15.0,BEAN & CHEESE PUPUSA-ES,18.0,False
60105,"Tacos, Korean Black Bean",2 Tacos,218.3,345.0,12.0,5.0,2.0,0.0,61.0,10.0,9.0,7.0,484.0,0.0,BEAN & CHEESE PUPUSA-ES,6.0,False
60031,Apple Berry Smoothie,8oz portion,233.5,142.0,3.0,0.0,0.0,0.0,33.0,1.0,27.0,11.0,58.0,3.0,BLUEBERRY BREAD W/ STRING CHEESE,0.0,False
30048,Apple Cinnamon Spread,Each,32.0,170.0,5.0,10.0,1.0,0.0,15.0,2.0,5.0,3.0,65.0,0.0,BLUEBERRY BREAD W/ STRING CHEESE,0.0,False
30214,Apple Crisps,Each,9.6,40.0,0.0,0.0,0.0,0.0,10.0,2.0,7.0,0.0,0.0,0.0,BLUEBERRY BREAD W/ STRING CHEESE,0.0,False
20008,Apple Slices,3 slices per 1/4 cup,31.2,17.0,0.0,0.0,,,4.0,1.0,3.0,,0.0,,BLUEBERRY BREAD W/ STRING CHEESE,0.0,False
20074,Apple Slices,"3 slices, 1/4 cup",30.9,16.0,0.0,0.0,0.0,0.0,4.0,1.0,,,0.0,0.0,BLUEBERRY BREAD W/ STRING CHEESE,0.0,False
20069,"Apple, Slices, IW - ER Supper Only",Each,56.7,30.0,,0.0,0.0,0.0,7.0,1.0,6.0,,0.0,0.0,BLUEBERRY BREAD W/ STRING CHEESE,0.0,False
20031,Banana,Each,125.9,112.0,1.0,0.0,0.0,0.0,29.0,3.0,15.0,0.0,1.0,0.0,BLUEBERRY BREAD W/ STRING CHEESE,0.0,False
30105,"Bar, Lemon Blueberry",Each,114.0,,,,,,,,,,,,BLUEBERRY BREAD W/ STRING CHEESE,6.0,False
10023,Blueberry Bread,1oz Grain (1/64 Baked Pan),63.0,218.0,3.0,9.0,1.0,,34.0,2.0,17.0,,113.0,20.0,BLUEBERRY BREAD W/ STRING CHEESE,10.0,False
60151,Blueberry Bread,1 square,63.0,218.0,3.0,9.0,1.0,,34.0,2.0,17.0,,113.0,20.0,BLUEBERRY BREAD W/ STRING CHEESE,10.0,False
10121,Blueberry Mini Pancakes,Each,85.9,210.0,4.0,7.0,1.0,0.0,35.0,4.0,10.0,10.0,210.0,0.0,BLUEBERRY BREAD W/ STRING CHEESE,6.0,False
60032,Blueberry Parfait,Parfait,211.3,220.0,6.0,2.0,0.0,0.0,45.0,4.0,25.0,15.0,53.0,3.0,BLUEBERRY BREAD W/ STRING CHEESE,6.0,False
20065,"CLPP, Grape Tomatoes",1/2 cup,75.0,12.0,1.0,0.0,0.0,0.0,2.0,1.0,,0.0,32.0,0.0,BLUEBERRY BREAD W/ STRING CHEESE,0.0,False
60201,Cinnamon Apple Overnight Oats,Each,365.4,371.0,12.0,6.0,1.0,0.0,72.0,8.0,17.0,8.0,76.0,5.0,BLUEBERRY BREAD W/ STRING CHEESE,0.0,False
20075,Cucumbers,1/2 cup sliced,73.7,11.0,0.0,0.0,0.0,0.0,3.0,0.0,1.0,0.0,1.0,0.0,BLUEBERRY BREAD W/ STRING CHEESE,0.0,False
10006,"Frozen, Blueberries",1/2 cup,70.0,40.0,1.0,0.0,0.0,0.0,9.0,2.0,6.0,0.0,0.0,0.0,BLUEBERRY BREAD W/ STRING CHEESE,0.0,False
20013,Gala Apple,Each,172.0,90.0,0.0,0.0,0.0,0.0,24.0,4.0,,,2.0,0.0,BLUEBERRY BREAD W/ STRING CHEESE,0.0,False
20015,Golden Delicious Apple,Each,169.0,88.0,0.0,0.0,0.0,0.0,23.0,4.0,18.0,0.0,2.0,0.0,BLUEBERRY BREAD W/ STRING CHEESE,0.0,False
20012,Grape Tomatoes,6 Tomatoes per 1/2 cup,113.0,20.0,1.0,0.0,0.0,0.0,4.0,1.0,3.0,0.0,6.0,0.0,BLUEBERRY BREAD W/ STRING CHEESE,0.0,False
30191,"IZZE, Apple",each,238.1,70.0,0.0,0.0,0.0,0.0,15.0,0.0,15.0,0.0,10.0,0.0,BLUEBERRY BREAD W/ STRING CHEESE,0.0,False
30051,Natural Grape Jam,Packet,14.2,35.0,0.0,0.0,0.0,0.0,9.0,0.0,9.0,8.0,0.0,0.0,BLUEBERRY BREAD W/ STRING CHEESE,0.0,False
30196,"Nutri-Grain, Apple Cinnamon (CVM) - DO NOT ORDER",each,37.7,130.0,2.0,3.0,0.0,0.0,25.0,2.0,13.0,12.0,115.0,0.0,BLUEBERRY BREAD W/ STRING CHEESE,0.0,False
30217,"Nutri-Grain, Apple Cinnamon, IW",Each,44.0,150.0,2.0,3.0,0.0,0.0,31.0,3.0,14.0,13.0,140.0,0.0,BLUEBERRY BREAD W/ STRING CHEESE,0.0,False
30197,"Nutri-Grain, Blueberry (CVM) - DO NOT ORDER",each,37.7,130.0,2.0,3.0,0.0,0.0,25.0,2.0,13.0,12.0,115.0,0.0,BLUEBERRY BREAD W/ STRING CHEESE,6.0,False
20014,Red Delicious Apple,Each - serving,122.5,64.0,0.0,0.0,0.0,0.0,17.0,3.0,,,1.0,0.0,BLUEBERRY BREAD W/ STRING CHEESE,0.0,False
10016,Wild Blueberry Belgian Waffle,Waffle,68.0,250.0,6.0,9.0,4.0,0.0,37.0,2.0,15.0,,290.0,44.0,BLUEBERRY BREAD W/ STRING CHEESE,6.0,False
20021,Yellow Peach,Each,150.0,59.0,1.0,0.0,0.0,0.0,14.0,2.0,13.0,0.0,0.0,0.0,BLUEBERRY BREAD W/ STRING CHEESE,0.0,False
10040,Blueberry Muffin Top,Muffin Top,59.5,200.0,3.0,10.0,4.0,0.0,26.0,1.0,13.0,12.0,140.0,30.0,BLUEBERRY MUFFIN W/ STRING CHEESE,10.0,False
60173,BBQ Chickenless Bites,4 bites,117.3,205.0,12.0,8.0,1.0,0.0,26.0,3.0,9.0,6.0,414.0,0.0,BREADED CHICKENLESS BITES ELEMENTARY,10.0,False
60050,Chickenless Bites,2 Bites,44.5,85.0,6.0,4.0,1.0,0.0,9.0,2.0,1.0,0.0,165.0,0.0,BREADED CHICKENLESS BITES ELEMENTARY,10.0,False
10026,Chickenless Bites,2 Bites,43.0,85.0,6.0,4.0,1.0,0.0,9.0,2.0,1.0,0.0,165.0,0.0,BREADED CHICKENLESS BITES ELEMENTARY,10.0,False
60227,Chickenless Bites Sub,Sandwich,143.0,310.0,18.0,10.0,1.0,0.0,45.0,7.0,5.0,3.0,550.0,0.0,BREADED CHICKENLESS BITES ELEMENTARY,10.0,False
60159,Chickenless Bites Wrap,Wrap,169.3,391.0,21.0,16.0,3.0,0.0,48.0,6.0,4.0,1.0,651.0,10.0,BREADED CHICKENLESS BITES ELEMENTARY,10.0,False
60058,Korean BBQ Chickenless Bites,4 bites,117.3,205.0,12.0,8.0,1.0,0.0,26.0,3.0,8.0,5.0,524.0,0.0,BREADED CHICKENLESS BITES ELEMENTARY,10.0,False
60059,Sweet Thai Chili Chickenless Bites,4 bites,117.3,224.0,12.0,8.0,1.0,0.0,31.0,3.0,13.0,10.0,632.0,0.0,BREADED CHICKENLESS BITES ELEMENTARY,10.0,False
60089,Assorted Cereal,Cereal Cup,56.0,223.0,4.0,5.0,1.0,0.0,45.0,4.0,12.0,12.0,333.0,0.0,CEREAL MEAL,6.0,False
30004,Blueberry Chex Cereal,Each,56.0,240.0,3.0,5.0,1.0,0.0,46.0,1.0,12.0,12.0,350.0,0.0,CEREAL MEAL,6.0,False
30181,"Cereal, Cinnamon Toast Crunch 1 oz (Sub)",Each,28.3,100.0,1.0,3.0,0.0,0.0,22.0,4.0,6.0,6.0,160.0,0.0,CEREAL MEAL,6.0,False
30175,"Cereal, Cinnamon Toasters, Malt-O-Meal, IW (Sub)",1 Each,56.7,3.0,,0.0,0.0,0.0,,,0.0,,4.0,,CEREAL MEAL,10.0,False
30006,Cinnamon Chex Cereal,Each,56.0,230.0,3.0,5.0,1.0,0.0,46.0,3.0,12.0,12.0,320.0,0.0,CEREAL MEAL,6.0,False
30007,"Cinnamon Toast Crunch Cereal, 25% Less Sugar",Each,56.0,210.0,3.0,5.0,1.0,0.0,44.0,7.0,11.0,11.0,320.0,0.0,CEREAL MEAL,6.0,False
30003,Honey Cheerios Cereal,Each,56.0,210.0,6.0,3.0,1.0,0.0,44.0,5.0,12.0,12.0,340.0,0.0,CEREAL MEAL,6.0,False
60015,Chana Masala,1/2 cup,132.8,80.0,4.0,2.0,0.0,0.0,14.0,4.0,2.0,0.0,140.0,0.0,CHANA MASALA W/ RICE,10.0,False
10075,Cheese Pizza,Slice,141.7,310.0,22.0,12.0,6.0,0.0,30.0,3.0,6.0,0.0,360.0,30.0,CHEESE PIZZA ELEMENTARY,10.0,False
60080,Cheese Pizza,Slice,141.7,310.0,22.0,12.0,6.0,0.0,30.0,3.0,6.0,0.0,360.0,30.0,CHEESE PIZZA ELEMENTARY,10.0,False
10110,Cheese Pizza,slice,145.4,335.0,21.0,15.0,8.0,0.0,29.0,3.0,3.0,1.0,500.0,34.0,CHEESE PIZZA ELEMENTARY,10.0,False
POS85,Cheese Pizza - ALC,serving,0.0,,,,,,,,,,,,CHEESE PIZZA ELEMENTARY,10.0,False
20003,"Cheese, American, Sliced(WRONG ITEM use 20051)",Slice,14.0,35.0,4.0,2.0,1.0,0.0,1.0,0.0,1.0,0.0,210.0,8.0,CHEESE PIZZA ELEMENTARY,6.0,False
20006,"Cheese, Shredded, Cheddar",1/4 cup,28.1,80.0,7.0,6.0,4.0,0.0,1.0,0.0,0.0,,200.0,20.0,CHEESE PIZZA ELEMENTARY,6.0,False
20007,"Cheese, Shredded, Mozzarella",1/4 cup,28.0,90.0,7.0,6.0,4.0,0.0,1.0,0.0,1.0,0.0,180.0,15.0,CHEESE PIZZA ELEMENTARY,6.0,False
60203,Cooked Spaghetti,1/2 cup (#8 scoop),70.7,139.0,5.0,1.0,0.0,0.0,28.0,2.0,1.0,0.0,4.0,0.0,CHEESE PIZZA ELEMENTARY,0.0,False
10124,Deep Dish Pizza,Each,141.2,310.0,16.0,13.0,6.0,0.0,31.0,3.0,9.0,2.0,440.0,30.0,CHEESE PIZZA ELEMENTARY,6.0,False
10042,"Pasta, Lasagna Roll-Up, Cheese",Each,121.0,240.0,15.0,6.0,4.0,0.0,29.0,2.0,5.0,,390.0,20.0,CHEESE PIZZA ELEMENTARY,6.0,False
60018,Cheese Quesadilla,Quesadilla,118.4,351.0,19.0,17.0,8.0,0.0,31.0,3.0,3.0,1.0,603.0,35.0,CHEESE QUESADILLA ELEMENTARY,10.0,False
10015,Baked Cheese Sticks,2 Cheese Sticks,109.4,300.0,16.0,12.0,6.0,0.0,17.0,2.0,4.0,2.0,640.0,30.0,CHEESE STICKS W/MARINARA SECONDARY,10.0,False
20036,Celery Sticks,1/2 cup,113.4,16.0,1.0,0.0,0.0,0.0,3.0,2.0,2.0,0.0,91.0,0.0,CHEESE STICKS W/MARINARA SECONDARY,6.0,False
10127,"Cheese Sticks, Baked (Warehouse - effective 9/1)",2 Cheese Sticks,109.4,300.0,16.0,12.0,6.0,0.0,17.0,2.0,4.0,2.0,640.0,30.0,CHEESE STICKS W/MARINARA SECONDARY,10.0,False
30018,Marinara Sauce,1/2 cup,125.0,60.0,2.0,2.0,0.0,0.0,10.0,2.0,6.0,1.0,135.0,,CHEESE STICKS W/MARINARA SECONDARY,6.0,False
60007,Cheeseburger,Sandwich,134.8,335.0,21.0,15.0,6.0,0.0,30.0,4.0,4.0,3.0,620.0,52.0,CHEESEBURGER ELEMENTARY,6.0,False
60193,Turkey Bacon Cheeseburger,Sandwich,148.5,365.0,23.0,17.0,7.0,,30.0,4.0,4.0,3.0,687.0,63.0,CHEESEBURGER ELEMENTARY,6.0,False
30033,Cheez-Its Crackers,Package,21.3,100.0,2.0,4.0,1.0,0.0,14.0,1.0,0.0,0.0,150.0,5.0,CHEEZ-IT,6.0,False
30139,Cherry Coke 24/12oz,Each,453.6,,,,,,,,,,,,CHEEZ-IT,0.0,False
30039,Cherry Flavored Dried Cranberries,Each,32.9,110.0,2.0,0.0,0.0,0.0,27.0,2.0,24.0,21.0,0.0,0.0,CHEEZ-IT,0.0,False
20011,Cherry Tomatoes,1/4 cup,37.4,7.0,0.0,0.0,0.0,0.0,1.0,0.0,1.0,0.0,2.0,0.0,CHEEZ-IT,0.0,False
30148,Gatorade Zero Glacier Cherry,Each,567.0,,,,,,,,,,,,CHEEZ-IT,0.0,False
30149,Gatorade Zero Glacier Freeze,Each,567.0,,,,,,,,,,,,CHEEZ-IT,0.0,False
30115,SS Baked Cheetos Flaming Limon,Each,24.9,,,,,,,,,,,,CHEEZ-IT,0.0,False
30133,"WG Cheez-Its Cheddar, Vending Only",Each,28.3,,,,,,,,,,,,CHEEZ-IT,6.0,False
60162,Chicken & Biscuit Sandwich,Sandwich,114.9,285.0,11.0,12.0,5.0,0.0,34.0,3.0,3.0,2.0,420.0,20.0,CHICKEN & CHEESE QUESADILLA SECONDARY,10.0,False
60063,Chicken & Vegetable Dumplings,6 dumplings,136.1,242.0,17.0,7.0,1.0,0.0,31.0,2.0,3.0,1.0,554.0,35.0,CHICKEN & CHEESE QUESADILLA SECONDARY,10.0,False
10058,Chicken & Vegetable Dumplings,6 dumplings,134.9,240.0,17.0,7.0,0.0,0.0,31.0,2.0,3.0,0.0,550.0,35.0,CHICKEN & CHEESE QUESADILLA SECONDARY,10.0,False
60002,Chicken Quesadilla,quesadilla,121.4,341.0,24.0,11.0,4.0,,30.0,3.0,3.0,1.0,441.0,53.0,CHICKEN & CHEESE QUESADILLA SECONDARY,10.0,False
60073,Chicken and Cheese Quesadilla,Quesadilla,153.9,402.0,28.0,18.0,8.0,0.0,31.0,3.0,3.0,1.0,738.0,61.0,CHICKEN & CHEESE QUESADILLA SECONDARY,18.0,False
60095,Chicken and Cheese Quesadilla,Quesadilla,137.7,316.0,21.0,12.0,4.0,0.0,31.0,3.0,3.0,1.0,635.0,43.0,CHICKEN & CHEESE QUESADILLA SECONDARY,18.0,False
60129,"Quesadilla, Chicken & Cheese (Shred Chicken) 6 in Tortilla",Quesadilla,135.7,316.0,20.0,12.0,6.0,0.0,32.0,4.0,3.0,2.0,565.0,43.0,CHICKEN & CHEESE QUESADILLA SECONDARY,18.0,False
10079,Sweet & Sour Chicken,1/2 cup,102.1,140.0,11.0,3.0,1.0,0.0,18.0,0.0,9.0,0.0,200.0,40.0,CHICKEN & CHEESE QUESADILLA SECONDARY,10.0,False
60174,Buffalo Chicken Dip,1/2 cup (#8 scoop),106.3,256.0,22.0,13.0,4.0,,4.0,0.0,3.0,1.0,511.0,73.0,CHICKEN TENDERS SECONDARY,6.0,False
60141,Buffalo Chicken Dip,1/2 cup (#8 scoop),173.6,348.0,30.0,23.0,10.0,0.0,8.0,,4.0,1.0,1050.0,84.0,CHICKEN TENDERS SECONDARY,6.0,False
60093,Chicken Alfredo Pasta,1 cup,636.6,358.0,23.0,10.0,4.0,0.0,47.0,4.0,6.0,,479.0,46.0,CHICKEN TENDERS SECONDARY,6.0,False
60029,Chicken Alfredo Pasta,heaping 1 cup ( #4 scoop),624.7,343.0,24.0,8.0,3.0,0.0,46.0,4.0,5.0,,377.0,48.0,CHICKEN TENDERS SECONDARY,6.0,False
60067,Chicken Eggroll,2 Egg Rolls,170.0,320.0,18.0,10.0,3.0,0.0,40.0,6.0,4.0,2.0,780.0,60.0,CHICKEN TENDERS SECONDARY,6.0,False
60224,Chicken Salad,2/3 cup (#6 scoop),141.7,239.0,24.0,6.0,1.0,,8.0,1.0,5.0,0.0,210.0,83.0,CHICKEN TENDERS SECONDARY,6.0,False
60140,Chicken Salad,2/3 cup (#6 scoop),141.7,239.0,24.0,6.0,1.0,,8.0,1.0,5.0,0.0,210.0,83.0,CHICKEN TENDERS SECONDARY,6.0,False
60047,Chicken Tenders,3 tenders,131.8,226.0,17.0,10.0,1.0,0.0,18.0,4.0,0.0,0.0,389.0,60.0,CHICKEN TENDERS SECONDARY,10.0,False
60108,Chicken Tenders Sub,Sandwich,189.0,366.0,23.0,12.0,1.0,0.0,45.0,8.0,3.0,3.0,609.0,60.0,CHICKEN TENDERS SECONDARY,10.0,False
10084,"Chicken, Bites",4 Bites,99.2,180.0,17.0,6.0,1.0,0.0,15.0,1.0,0.0,0.0,531.0,45.0,CHICKEN TENDERS SECONDARY,6.0,False
60056,"Chicken, Bites, Breaded",4 Bites,99.8,181.0,17.0,6.0,1.0,0.0,15.0,1.0,0.0,0.0,534.0,45.0,CHICKEN TENDERS SECONDARY,6.0,False
60083,"Chicken, Bites, Korean",4 Bites w/ 1oz sauce,117.4,205.0,12.0,8.0,1.0,0.0,26.0,3.0,8.0,5.0,524.0,0.0,CHICKEN TENDERS SECONDARY,6.0,False
10004,"Chicken, Diced (DO NOT USE)",1/2 cup,65.2,93.0,17.0,2.0,0.0,0.0,1.0,0.0,0.0,0.0,248.0,47.0,CHICKEN TENDERS SECONDARY,6.0,False
10090,"Chicken, Shredded, Fully Cooked",1/2 cup,95.0,101.0,18.0,3.0,0.0,0.0,2.0,,0.0,0.0,447.0,50.0,CHICKEN TENDERS SECONDARY,6.0,False
10005,"Chicken, Wings, Pre-Cooked",3 Wings,128.0,192.0,19.0,13.0,0.0,17.0,0.0,0.0,0.0,0.0,166.0,122.0,CHICKEN TENDERS SECONDARY,6.0,False
60086,Sweet Thai Chili Chicken Bites,4 Bites w/ 1oz sauce,9100.2,235.0,17.0,6.0,1.0,0.0,28.0,1.0,11.0,10.0,837.0,45.0,CHICKEN TENDERS SECONDARY,6.0,False
60087,Sweet Thai Chili Chicken Wings,3 Wings,156.4,246.0,19.0,13.0,0.0,17.0,13.0,0.0,11.0,10.0,469.0,122.0,CHICKEN TENDERS SECONDARY,6.0,False
60114,Tacos with diced chicken,Serving,174.0,311.0,26.0,8.0,3.0,0.0,33.0,5.0,3.0,2.0,544.0,61.0,CHICKEN TENDERS SECONDARY,6.0,False
60115,Tacos with pulled  chicken,Serving,183.9,291.0,22.0,8.0,2.0,0.0,34.0,5.0,3.0,2.0,667.0,50.0,CHICKEN TENDERS SECONDARY,6.0,False
60132,Chicken Masala Drumstick,Drumstick,150.2,282.0,24.0,16.0,4.0,0.0,8.0,0.0,2.0,2.0,1035.0,118.0,CHICKEN TIKKA MASALA W/ RICE,10.0,False
60180,Chicken Masala Drumstick,Drumstick,94.8,150.0,17.0,8.0,2.0,0.0,2.0,0.0,1.0,1.0,350.0,90.0,CHICKEN TIKKA MASALA W/ RICE,10.0,False
60094,Chicken Tikka Masala,1/2 cup,123.3,101.0,18.0,3.0,0.0,0.0,2.0,,0.0,0.0,449.0,50.0,CHICKEN TIKKA MASALA W/ RICE,14.0,False
60023,Chicken Tikka Masala,1/2 cup,99.2,102.0,19.0,2.0,0.0,0.0,1.0,0.0,0.0,0.0,273.0,51.0,CHICKEN TIKKA MASALA W/ RICE,14.0,False
60021,Cooked  Brown Rice,1 cup cooked,220.5,227.0,5.0,2.0,0.0,0.0,48.0,1.0,0.0,,6.0,0.0,CHICKEN TIKKA MASALA W/ RICE,6.0,False
60209,Fried Rice,1 1/3 cup (2 - #6 scoops),419.9,430.0,17.0,7.0,1.0,0.0,73.0,6.0,5.0,,1344.0,1.0,CHICKEN TIKKA MASALA W/ RICE,6.0,False
10065,Tikka Masala Sauce,ounce,28.3,,,,,,,,,,,,CHICKEN TIKKA MASALA W/ RICE,10.0,False
30122,WG Chocolate Chip Rice Krispy Treats,Each,45.1,,,,,,,,,,,,CHICKEN TIKKA MASALA W/ RICE,6.0,False
60135,Cinnamon Waffle,each,68.0,200.0,5.0,8.0,3.0,0.0,30.0,2.0,12.0,11.0,230.0,25.0,CHICKENLESS BITE W/ MAPLEL WAFFLE SECONDARY,6.0,False
60190,French Toast Sticks,serving,99.0,250.0,6.0,9.0,2.0,0.0,37.0,3.0,7.0,7.0,300.0,0.0,CHICKENLESS BITE W/ MAPLEL WAFFLE SECONDARY,0.0,False
10056,Maple Belgian Waffle,Waffle,68.0,250.0,6.0,9.0,4.0,0.0,37.0,2.0,15.0,,290.0,44.0,CHICKENLESS BITE W/ MAPLEL WAFFLE SECONDARY,6.0,False
60102,"Waffle (Grain), Belgian, Buttery Maple, Bulk",Waffle,68.0,250.0,6.0,9.0,4.0,0.0,37.0,2.0,15.0,,290.0,44.0,CHICKENLESS BITE W/ MAPLEL WAFFLE SECONDARY,6.0,False
10061,"Waffle, Belgian, Sweet Cinnamon, WG, Bulk",Waffle,68.0,200.0,5.0,8.0,3.0,0.0,30.0,2.0,12.0,11.0,230.0,25.0,CHICKENLESS BITE W/ MAPLEL WAFFLE SECONDARY,6.0,False
30020,Applesauce,1/2 Cup,127.6,51.0,0.0,0.0,0.0,0.0,14.0,1.0,12.0,0.0,0.0,0.0,CHICKENLESS BITES W/ ORANGE SAUCE W/RICE,0.0,False
60142,Fairfax Sauce,1 TBSP,18.5,47.0,0.0,4.0,1.0,,3.0,0.0,2.0,2.0,146.0,7.0,CHICKENLESS BITES W/ ORANGE SAUCE W/RICE,6.0,False
30046,Granola,1/4 cup,25.5,104.0,2.0,2.0,0.0,0.0,20.0,2.0,5.0,5.0,0.0,0.0,CHICKENLESS BITES W/ ORANGE SAUCE W/RICE,0.0,False
30062,Hot Sauce Packet,Each,3.0,0.0,0.0,0.0,0.0,0.0,0.0,0.0,0.0,0.0,35.0,0.0,CHICKENLESS BITES W/ ORANGE SAUCE W/RICE,6.0,False
30037,IW Applesauce Cup,Each,128.0,50.0,0.0,0.0,0.0,0.0,14.0,1.0,12.0,0.0,0.0,0.0,CHICKENLESS BITES W/ ORANGE SAUCE W/RICE,0.0,False
30121,Kelloggâ€™s W/G Rice Krispies Treats,Each,639.6,,,,,,,,,,,,CHICKENLESS BITES W/ ORANGE SAUCE W/RICE,10.0,False
60052,Orange Chickenless Bites,4 bites,117.3,220.0,13.0,8.0,1.0,0.0,30.0,3.0,13.0,10.0,430.0,0.0,CHICKENLESS BITES W/ ORANGE SAUCE W/RICE,14.0,False
10070,Orange Sauce,ounce,35.0,62.0,1.0,0.0,0.0,0.0,15.0,0.0,14.0,12.0,123.0,0.0,CHICKENLESS BITES W/ ORANGE SAUCE W/RICE,10.0,False
10009,"Sauce, Alfredo",2oz Ladle (1/4 cup),51.9,92.0,6.0,6.0,3.0,0.0,4.0,0.0,3.0,0.0,196.0,18.0,CHICKENLESS BITES W/ ORANGE SAUCE W/RICE,6.0,False
30078,"Sauce, BBQ, HFCS-Free, Bulk, Low-Sodium",2 TBSP,32.0,40.0,0.0,0.0,0.0,0.0,9.0,0.0,8.0,7.0,95.0,0.0,CHICKENLESS BITES W/ ORANGE SAUCE W/RICE,6.0,False
10011,Sweet Thai Chili Sauce,ounce,28.4,54.0,0.0,0.0,0.0,0.0,13.0,0.0,11.0,10.0,303.0,0.0,CHICKENLESS BITES W/ ORANGE SAUCE W/RICE,6.0,False
10033,Chocolate Chip Cookie,Cookie,36.9,148.0,2.0,5.0,2.0,0.0,24.0,2.0,11.0,9.0,96.0,19.0,COOKIE,6.0,False
30136,Coke Classic 24/12oz,Each,340.2,,,,,,,,,,,,COOKIE,0.0,False
30137,Coke Zero 24/12oz,Each,3430.3,,,,,,,,,,,,COOKIE,0.0,False
30113,Cool Ranch Reduced Fat Doritos,Each,28.3,,,,,,,,,,,,COOKIE,0.0,False
60118,Cool Ranch Slaw,1/4 cup,26.7,29.0,1.0,2.0,0.0,0.0,2.0,0.0,1.0,0.0,86.0,3.0,COOKIE,0.0,False
10095,"Dough, Cookie, Double Chocolate, WG",1/2 Cookie,18.4,69.0,1.0,2.0,1.0,0.0,12.0,1.0,6.0,5.0,50.0,6.0,COOKIE,6.0,False
10102,"Dough, Cookie, Ginger Twinkle",1/2 Cookie,18.4,69.0,1.0,2.0,1.0,0.0,12.0,1.0,6.0,5.0,61.0,7.0,COOKIE,6.0,False
30042,Original Flavored Dried Cranberries,Package,32.9,110.0,0.0,0.0,0.0,0.0,27.0,2.0,24.0,21.0,0.0,0.0,COOKIE,0.0,False
30043,Raspberry Lemonade Flavored Dried Cranberries,Each,32.9,110.0,0.0,0.0,0.0,0.0,27.0,,24.0,,0.0,0.0,COOKIE,0.0,False
10036,Vanilla Sugar Cookie,1/2 Cookie,18.4,70.0,1.0,2.0,1.0,0.0,12.0,1.0,6.0,6.0,47.0,7.0,COOKIE,6.0,False
30045,Watermelon Flavored Dried Cranberries,Each,32.9,110.0,0.0,0.0,0.0,0.0,27.0,2.0,24.0,,0.0,0.0,COOKIE,0.0,False
60068,Biscuit,Biscuit,71.0,210.0,5.0,9.0,5.0,0.0,28.0,2.0,3.0,2.0,290.0,0.0,EGG & CHEESE ON BISCUIT,6.0,False
60107,Cheese and Cracker Power Pack,Power Pack,105.6,360.0,13.0,16.0,6.0,0.0,43.0,,11.0,7.0,1160.0,30.0,EGG & CHEESE ON BISCUIT,10.0,False
60197,Egg & Cheese Breakfast Quesadilla,Quesadilla,126.8,322.0,14.0,15.0,7.0,0.0,32.0,4.0,2.0,2.0,464.0,21.0,EGG & CHEESE ON BISCUIT,14.0,False
60179,Egg and American Cheese on Bagel,Sandwich,106.1,226.0,10.0,7.0,2.0,0.0,28.0,3.0,3.0,2.0,521.0,9.0,EGG & CHEESE ON BISCUIT,18.0,False
60182,Egg and American Cheese on Bagel,Sandwich,120.1,261.0,12.0,9.0,4.0,0.0,30.0,3.0,4.0,2.0,731.0,16.0,EGG & CHEESE ON BISCUIT,18.0,False
60125,Egg and American Cheese on Biscuit,Sandwich,120.4,306.0,11.0,15.0,7.0,0.0,31.0,2.0,4.0,2.0,611.0,9.0,EGG & CHEESE ON BISCUIT,22.0,False
60004,Egg and American Cheese on English Muffin,Sandwich,111.8,216.0,12.0,8.0,2.0,0.0,24.0,1.0,2.0,,591.0,9.0,EGG & CHEESE ON BISCUIT,18.0,False
60165,Egg and Cheese Bagel,Sandwich,106.1,226.0,10.0,7.0,2.0,0.0,28.0,3.0,3.0,2.0,521.0,9.0,EGG & CHEESE ON BISCUIT,14.0,False
60185,Egg and Cheese Burrito - For Lunch,Sandwich,125.8,322.0,15.0,15.0,5.0,0.0,31.0,3.0,2.0,,534.0,21.0,EGG & CHEESE ON BISCUIT,14.0,False
10128,Frozen Mixed Berry & Lemon Cup,Each,129.0,70.0,0.0,0.0,0.0,0.0,19.0,2.0,15.0,0.0,0.0,0.0,EGG & CHEESE ON BISCUIT,6.0,False
60215,Garlic & Herb Mayo,2 tbsp,65.2,189.0,,19.0,4.0,,4.0,,,,378.0,38.0,EGG & CHEESE ON BISCUIT,6.0,False
10077,Mac & Cheese,2/3 cup,170.1,293.0,15.0,11.0,6.0,0.0,31.0,2.0,7.0,0.0,441.0,34.0,EGG & CHEESE ON BISCUIT,10.0,False
60152,Macaroni & Cheese,1 cup,1288.0,964.0,56.0,45.0,25.0,0.0,91.0,8.0,16.0,3.0,1215.0,126.0,EGG & CHEESE ON BISCUIT,10.0,False
10067,Roasted Plantains,3 Slices,81.1,140.0,1.0,3.0,0.0,0.0,28.0,1.0,23.0,0.0,0.0,0.0,ELEMENTARY,0.0,False
60069,Soft Bean Taco on Flour Tortilla,Taco,248.0,390.0,19.0,12.0,4.0,0.0,51.0,9.0,3.0,1.0,850.0,20.0,FISH TACO ON TORTILLA-SECONDA RY,14.0,False
60061,Soft Beef Taco on Flour Tortilla,Taco,180.4,216.0,21.0,12.0,6.0,0.0,10.0,2.0,2.0,,525.0,54.0,FISH TACO ON TORTILLA-SECONDA RY,14.0,False
60085,Bean Street Tacos on Flour Tortillas,2 Tacos,224.9,330.0,12.0,8.0,3.0,0.0,52.0,10.0,3.0,2.0,630.0,5.0,FISH TACOS ON TORTILLA-ES,10.0,False
30094,Doritos Wild White Nacho Flavored Tortilla Chips,Bag,28.3,130.0,2.0,5.0,1.0,0.0,20.0,2.0,0.0,0.0,170.0,0.0,FISH TACOS ON TORTILLA-ES,6.0,False
sys-14,Fish Tacos,2 Tacos,162.1,390.0,18.0,16.0,4.0,0.0,43.0,5.0,2.0,2.0,480.0,45.0,FISH TACOS ON TORTILLA-ES,10.0,False
60882,Fish Tacos,2 Tacos,162.1,382.0,18.0,15.0,4.0,0.0,44.0,5.0,2.0,2.0,443.0,45.0,FISH TACOS ON TORTILLA-ES,10.0,False
10048,Flour Tortilla,Tortilla,31.0,90.0,3.0,3.0,0.0,0.0,14.0,1.0,1.0,1.0,110.0,0.0,FISH TACOS ON TORTILLA-ES,6.0,False
60116,"Tacos, Taco Meat, Flour Tortilla",2 Tacos,156.9,313.0,19.0,12.0,5.0,0.0,35.0,6.0,4.0,2.0,496.0,39.0,FISH TACOS ON TORTILLA-ES,10.0,False
10129,Tortilla,Tortilla,30.0,90.0,2.0,2.0,1.0,0.0,15.0,2.0,1.0,1.0,75.0,0.0,FISH TACOS ON TORTILLA-ES,6.0,False
30032,Tortilla Chips,13 chips,28.0,138.0,2.0,6.0,1.0,0.0,19.0,1.0,0.0,0.0,74.0,0.0,FISH TACOS ON TORTILLA-ES,6.0,False
30173,"Tortilla Chips, Reduced Fat Tostitos, IW",Each,24.9,120.0,2.0,4.0,1.0,0.0,18.0,2.0,0.0,,95.0,0.0,FISH TACOS ON TORTILLA-ES,6.0,False
10049,"WG 10"" Flour Tortilla",Tortilla,62.0,180.0,5.0,5.0,0.0,0.0,29.0,3.0,2.0,1.0,220.0,0.0,FISH TACOS ON TORTILLA-ES,6.0,False
30002,Sub Roll,Sub Roll,57.0,140.0,6.0,2.0,0.0,0.0,27.0,4.0,3.0,3.0,220.0,0.0,FISH W/ ROLL-SECONDARY,6.0,False
30014,Whole Wheat Dinner Roll,Each,32.0,80.0,3.0,1.0,0.0,0.0,15.0,2.0,1.0,1.0,125.0,0.0,FISH W/ ROLL-SECONDARY,6.0,False
60091,Assorted Whole Fruit,Piece of Fruit,127.2,87.0,1.0,0.0,0.0,0.0,22.0,4.0,5.0,,2.0,0.0,FRUIT SNACKS,6.0,False
30124,"Fruit Snacks, Welch's Mixed",Each,42.5,,,,,,,,,,,,FRUIT SNACKS,10.0,False
20084,"Fruit, Honeydew, Fresh",1/2 cup,185.1,67.0,1.0,0.0,0.0,0.0,17.0,1.0,15.0,0.0,33.0,0.0,FRUIT SNACKS,6.0,False
20082,"Fruit, Pineapple, Fresh",1/2 cup,136.1,68.0,1.0,0.0,0.0,0.0,18.0,2.0,13.0,0.0,1.0,0.0,FRUIT SNACKS,6.0,False
30040,Mixed Dried Fruit,Package,37.7,120.0,0.0,0.0,0.0,0.0,31.0,2.0,24.0,8.0,25.0,0.0,FRUIT SNACKS,6.0,False
60119,Pineapple Pepper Fruit Salsa,1 TBSP,21.5,7.0,0.0,0.0,0.0,0.0,2.0,0.0,1.0,,2.0,0.0,FRUIT SNACKS,6.0,False
30152,Powerade Fruit Punch Zero,Each,567.0,,,,,,,,,,,,FRUIT SNACKS,6.0,False
60010,Cheese Sandwich,sandwich,113.0,280.0,16.0,10.0,5.0,0.0,35.0,4.0,7.0,3.0,1060.0,30.0,GRILLED CHEESE SANDWICH ELEMENTARY,10.0,False
30001,Chilled Peaches,1/2 cup,124.0,52.0,0.0,0.0,0.0,0.0,14.0,1.0,,,6.0,0.0,GRILLED CHEESE SANDWICH ELEMENTARY,0.0,False
30068,Chilled Peaches,1/4 cup (drained),85.0,41.0,,0.0,0.0,0.0,10.0,1.0,8.0,1.0,3.0,0.0,GRILLED CHEESE SANDWICH ELEMENTARY,0.0,False
sys-15,Fish  Sandwich,Sandwich,159.1,350.0,20.0,13.0,2.0,0.0,40.0,5.0,3.0,3.0,550.0,45.0,GRILLED CHEESE SANDWICH ELEMENTARY,6.0,False
60040,Grilled Cheese Sandwich,Sandwich,118.0,300.0,18.0,11.0,5.0,0.0,38.0,4.0,6.0,0.0,1160.0,30.0,GRILLED CHEESE SANDWICH ELEMENTARY,14.0,False
60214,Tomato Grilled Cheese Sandwich,Each,399.5,482.0,25.0,25.0,9.0,,43.0,7.0,10.0,,886.0,49.0,GRILLED CHEESE SANDWICH ELEMENTARY,14.0,False
60060,Hamburger,Sandwich,120.8,300.0,18.0,13.0,5.0,0.0,28.0,4.0,3.0,3.0,410.0,45.0,HAMBURGER SECONDARY,6.0,False
60149,Hot Turkey & Cheese,sandwich,129.5,270.0,22.0,8.0,3.0,0.0,34.0,4.0,4.0,0.0,960.0,30.0,HOT TURKEY AND CHEESE SANDWICH ELEMENTARY,18.0,False
10045,"Peanut Butter and Jelly Sandwich, IW",Each,73.7,300.0,9.0,17.0,3.0,0.0,32.0,4.0,14.0,12.0,280.0,0.0,HOT TURKEY AND CHEESE SANDWICH ELEMENTARY,10.0,False
30114,SS Baked Cheetos Flaming Hot,Each,24.9,,,,,,,,,,,,HOT TURKEY AND CHEESE SANDWICH ELEMENTARY,6.0,False
30116,SS Cheetos Fantastix Flaming Hot,Each,24.9,,,,,,,,,,,,HOT TURKEY AND CHEESE SANDWICH ELEMENTARY,6.0,False
60009,"Sandwich, Turkey & Cheese",sandwich,127.5,250.0,20.0,7.0,3.0,0.0,31.0,4.0,5.0,3.0,873.0,35.0,HOT TURKEY AND CHEESE SANDWICH ELEMENTARY,18.0,False
60196,"Turkey Bacon, Egg & Cheese Bagel Sandwich",Sandwich,119.8,256.0,12.0,9.0,3.0,,28.0,3.0,3.0,2.0,588.0,19.0,HOT TURKEY AND CHEESE SANDWICH ELEMENTARY,18.0,False
60164,Turkey Sausage Bagel Sandwich,Sandwich,96.7,217.0,11.0,8.0,2.0,0.0,25.0,3.0,2.0,2.0,398.0,37.0,HOT TURKEY AND CHEESE SANDWICH ELEMENTARY,10.0,False
30192,"IZZE, Blackberry",each,238.1,70.0,0.0,0.0,0.0,0.0,15.0,0.0,14.0,0.0,10.0,0.0,IZZE DRINK - $1.50,6.0,False
30193,"IZZE, Clementine",each,238.1,70.0,0.0,0.0,0.0,0.0,16.0,0.0,14.0,0.0,10.0,0.0,IZZE DRINK - $1.50,6.0,False
20076,"DO NOT USE - Peppers, green, pre-sliced",1/2 cup sliced,62.4,12.0,1.0,0.0,0.0,0.0,3.0,1.0,1.0,0.0,2.0,0.0,KINDERGARTEN PIN USE TRAINING,6.0,False
20077,"DO NOT USE Peppers, red, pre-sliced",1/2 cup sliced,62.4,12.0,1.0,0.0,0.0,0.0,3.0,1.0,1.0,0.0,2.0,0.0,KINDERGARTEN PIN USE TRAINING,6.0,False
30189,"Dressing, Ranch, IW, Fat-Free",each,28.3,,,,,,,,,,,,LACTOSE FREE MILK,6.0,False
20002,Fat Free Chocolate Milk,Each,246.0,130.0,9.0,0.0,0.0,0.0,22.0,0.0,20.0,8.0,249.0,5.0,LACTOSE FREE MILK,10.0,False
30108,Fat Free Unflavored Shelf-Stable Milk,Each,226.8,90.0,8.0,0.0,0.0,0.0,13.0,0.0,12.0,0.0,130.0,5.0,LACTOSE FREE MILK,10.0,False
20038,Fat Free White Milk,Each,226.8,90.0,9.0,0.0,0.0,0.0,13.0,0.0,12.0,0.0,130.0,5.0,LACTOSE FREE MILK,10.0,False
20043,"Lactose Free, White Milk",Each,226.8,90.0,9.0,0.0,0.0,0.0,13.0,0.0,12.0,0.0,130.0,5.0,LACTOSE FREE MILK,14.0,False
30103,"Milk, Lactose Free,  Fat Free, Shelf-Stable",Each,226.8,90.0,8.0,0.0,0.0,0.0,12.0,0.0,12.0,0.0,130.0,5.0,LACTOSE FREE MILK,14.0,False
30223,"Milk, Lactose Free,  Fat Free, Shelf-Stable (substitute)",Each,226.8,90.0,8.0,0.0,0.0,0.0,12.0,0.0,12.0,0.0,130.0,5.0,LACTOSE FREE MILK,14.0,False
30061,Chilled Mandarin Oranges,1/2 cup (drained),199.0,74.0,1.0,0.0,0.0,0.0,19.0,1.0,18.0,0.0,10.0,0.0,MANDARIN PARFAIT,6.0,False
60034,Mandarin Orange Parfait,Parfait,334.0,250.0,7.0,2.0,0.0,0.0,55.0,3.0,36.0,15.0,63.0,3.0,MANDARIN PARFAIT,10.0,False
30176,"Applesauce, IW, Cinnamon. Unsweetened, Shelf-Stable (SUB)",Each,128.0,50.0,0.0,0.0,0.0,0.0,14.0,1.0,12.0,0.0,0.0,0.0,MEATBALL SUB ELEM,6.0,False
20087,"Carrots, Slims Bulk (Sub For Receiving Only)",3 baby carrots per 1/4 cup,35.2,12.0,0.0,0.0,0.0,0.0,3.0,1.0,2.0,0.0,27.0,0.0,MEATBALL SUB ELEM,6.0,False
10031,"Calzone, Cheese",Each,142.0,300.0,18.0,12.0,6.0,0.0,30.0,3.0,4.0,2.0,490.0,30.0,MINI CHEESE CALZONE SECONDARY,10.0,False
10041,Mini Maple Pancakes,Package,85.9,200.0,4.0,6.0,1.0,0.0,36.0,4.0,12.0,11.0,210.0,5.0,MINI PANCAKES,10.0,False
10057,Mini Maple Waffles,Package,74.8,190.0,4.0,5.0,1.0,0.0,36.0,4.0,11.0,11.0,210.0,0.0,MINI PANCAKES,6.0,False
10071,"Cheese Sauce, Frozen, Nacho",1/2 cup,107.2,188.0,12.0,12.0,6.0,0.0,10.0,0.0,8.0,0.0,762.0,10.0,NACHO W/ BLACK BEANS&CHEESE SAUCE ELEMENTARY,14.0,False
30112,Doritos RF Nacho Cheese,Each,28.3,,,,,,,,,,,,NACHO W/ BLACK BEANS&CHEESE SAUCE ELEMENTARY,10.0,False
10064,"-Peas and Diced Carrots, Frozen",1/2 cup,90.7,60.0,3.0,0.0,0.0,0.0,11.0,4.0,4.0,0.0,15.0,0.0,NACHOS W/ BLACK BEANS AND CHEESE SECONDARY,6.0,False
60109,Black Bean and Corn Salad,1/2 cup,106.2,100.0,5.0,0.0,0.0,0.0,20.0,4.0,1.0,,70.0,0.0,NACHOS W/ BLACK BEANS AND CHEESE SECONDARY,10.0,False
30158,Black Beans,1/2 Cup,130.0,130.0,8.0,1.0,0.0,0.0,23.0,6.0,1.0,0.0,140.0,0.0,NACHOS W/ BLACK BEANS AND CHEESE SECONDARY,10.0,False
30025,Black Beans,1/2 cup,128.0,110.0,5.0,3.0,0.0,0.0,16.0,5.0,0.0,0.0,580.0,0.0,NACHOS W/ BLACK BEANS AND CHEESE SECONDARY,10.0,False
30024,Black Beans,1/2 Cup,130.0,130.0,8.0,1.0,0.0,0.0,23.0,6.0,1.0,0.0,140.0,0.0,NACHOS W/ BLACK BEANS AND CHEESE SECONDARY,10.0,False
60057,Carrot and Celery Sticks,1/2 cup,86.9,20.0,1.0,0.0,0.0,0.0,5.0,2.0,2.0,0.0,66.0,0.0,NACHOS W/ BLACK BEANS AND CHEESE SECONDARY,6.0,False
10099,"Green Beans, Frozen",1/2 cup,75.7,25.0,1.0,0.0,0.0,0.0,4.0,2.0,1.0,0.0,0.0,0.0,NACHOS W/ BLACK BEANS AND CHEESE SECONDARY,6.0,False
60079,Nachos with Black Beans and Cheese Sauce,Serving,175.3,439.0,14.0,18.0,5.0,0.0,54.0,5.0,4.0,0.0,601.0,5.0,NACHOS W/ BLACK BEANS AND CHEESE SECONDARY,22.0,False
60204,Seasoned Black Beans,1/4 cup (#16 scoop),82.6,92.0,6.0,,,,16.0,4.0,1.0,,99.0,,NACHOS W/ BLACK BEANS AND CHEESE SECONDARY,10.0,False
60221,Cheesy Beef Nachos,Serving Size,184.9,482.0,18.0,23.0,7.0,,53.0,5.0,10.0,,586.0,27.0,NACHOS W/ CHEESE ELEMENTARY,6.0,False
60205,Cheesy Fiesta Nachos,Serving,209.0,414.0,15.0,18.0,5.0,,46.0,4.0,5.0,,688.0,5.0,NACHOS W/ CHEESE ELEMENTARY,6.0,False
60088,Make Your Own Nachos,Nacho Kit,132.1,308.0,14.0,16.0,7.0,0.0,28.0,2.0,8.0,,857.0,10.0,NACHOS W/ CHEESE ELEMENTARY,6.0,False
10108,Cheese Sauce,1/4 cup,53.6,120.0,7.0,9.0,5.0,0.0,2.0,0.0,4.0,1.0,217.0,27.0,NACHOS W/ TURKEY BARBACOA & CHEESE SAUCE ES,10.0,False
60113,Chicken & Cheese Nachos,Serving,224.2,505.0,32.0,21.0,6.0,0.0,46.0,3.0,5.0,0.0,925.0,66.0,NACHOS W/ TURKEY BARBACOA & CHEESE SAUCE ES,14.0,False
60143,Nachos w/Shredded Chicken and Cheese Sauce,Serving Size,157.8,424.0,19.0,19.0,5.0,0.0,44.0,2.0,4.0,0.0,754.0,30.0,NACHOS W/ TURKEY BARBACOA & CHEESE SAUCE ES,18.0,False
60078,Nachos with Turkey Barbacoa and Cheese Sauce,Serving,167.0,435.0,19.0,20.0,6.0,0.0,44.0,2.0,4.0,0.0,855.0,39.0,NACHOS W/ TURKEY BARBACOA & CHEESE SAUCE ES,26.0,False
60020,"Quesadilla, Turkey Barbacoa and Cheese",Quesadilla,164.8,402.0,26.0,19.0,8.0,0.0,32.0,3.0,3.0,1.0,868.0,63.0,NACHOS W/ TURKEY BARBACOA & CHEESE SAUCE ES,18.0,False
60177,Turkey & Cheese & Cracker Power Pack,wrap,120.1,330.0,17.0,13.0,3.0,0.0,39.0,,9.0,7.0,973.0,35.0,NACHOS W/ TURKEY BARBACOA & CHEESE SAUCE ES,14.0,False
10053,Turkey Barbacoa,#10 scoop,83.9,90.0,13.0,4.0,1.0,0.0,2.0,0.0,0.0,0.0,480.0,50.0,NACHOS W/ TURKEY BARBACOA & CHEESE SAUCE ES,10.0,False
60225,Turkey Barbacoa & Cheese Taco,1 Taco,182.4,322.0,24.0,11.0,2.0,0.0,32.0,3.0,2.0,1.0,919.0,73.0,NACHOS W/ TURKEY BARBACOA & CHEESE SAUCE ES,18.0,False
60148,Turkey Barbacoa Arepa,Arepa Sandwich,227.4,282.0,23.0,9.0,3.0,0.0,29.0,3.0,0.0,,949.0,78.0,NACHOS W/ TURKEY BARBACOA & CHEESE SAUCE ES,10.0,False
60195,Turkey Sausage & Cheese Bagel,Sandwich,110.7,252.0,14.0,10.0,4.0,0.0,27.0,3.0,3.0,2.0,608.0,45.0,NACHOS W/ TURKEY BARBACOA & CHEESE SAUCE ES,14.0,False
60126,Arepa w/Taco Beef,1 Aprea + #8 scoop of beef,253.4,253.0,16.0,6.0,2.0,0.0,35.0,6.0,4.0,0.0,510.0,34.0,NACHOS W/TACO MEAT&CHEESE-SEC ONDARY,10.0,False
10008,"Beef, Taco Meat, Pre-Cooked",1/2 cup (#8 scoop),89.9,113.0,13.0,5.0,2.0,0.0,5.0,2.0,2.0,0.0,296.0,34.0,NACHOS W/TACO MEAT&CHEESE-SEC ONDARY,10.0,False
60070,Nachos with Taco Meat and Cheese Sauce,Serving Size,155.2,430.0,16.0,20.0,6.0,0.0,45.0,3.0,5.0,0.0,679.0,22.0,NACHOS W/TACO MEAT&CHEESE-SEC ONDARY,26.0,False
60145,"Quesadilla, Cheese and Taco Meat",Quesadilla,135.0,317.0,19.0,13.0,5.0,0.0,33.0,4.0,3.0,1.0,568.0,37.0,NACHOS W/TACO MEAT&CHEESE-SEC ONDARY,18.0,False
30049,Taco Flavored Hummus,2 Each,170.1,240.0,12.0,6.0,0.0,0.0,36.0,10.0,6.0,0.0,360.0,0.0,NACHOS W/TACO MEAT&CHEESE-SEC ONDARY,6.0,False
10078,Beef Meat Sauce,#6 scoop,159.9,1.0,0.0,0.0,0.0,0.0,0.0,0.0,0.0,0.0,3.0,0.0,NACHOS W/TACO MEAT/CHEESE SAUCE ELEMENTARY,10.0,False
60124,Nachos with Cheese Sauce,Serving,163.9,468.0,16.0,24.0,8.0,0.0,48.0,2.0,8.0,0.0,912.0,10.0,NACHOS W/TACO MEAT/CHEESE SAUCE ELEMENTARY,18.0,False
60071,Nachos with Cheese Sauce,serving size,163.9,468.0,16.0,24.0,8.0,0.0,48.0,2.0,8.0,0.0,912.0,10.0,NACHOS W/TACO MEAT/CHEESE SAUCE ELEMENTARY,18.0,False
20023,Baby Carrots,3 baby carrots per 1/4 cup,35.2,12.0,0.0,0.0,0.0,0.0,3.0,1.0,2.0,0.0,27.0,0.0,No Charge A La Carte Promotion,0.0,False
20049,Carrots,each,73.7,26.0,0.0,0.0,0.0,0.0,6.0,2.0,4.0,0.0,57.0,0.0,No Charge A La Carte Promotion,0.0,False
60157,Mandarin Orange Pepper Fruit Salsa,1 TBSP,21.5,5.0,0.0,0.0,0.0,0.0,1.0,0.0,1.0,0.0,2.0,0.0,ORANGE CHICKEN ELEMENTARY,6.0,False
20017,Orange,6 Slices per 1/2 cup,131.0,83.0,2.0,0.0,0.0,0.0,20.0,6.0,,0.0,3.0,0.0,ORANGE CHICKEN ELEMENTARY,6.0,False
60055,Orange Chicken,4 Bites w/ 1oz sauce,128.1,231.0,18.0,6.0,1.0,0.0,27.0,1.0,11.0,10.0,634.0,45.0,ORANGE CHICKEN ELEMENTARY,10.0,False
30041,Orange Flavored Dried Cranberries,Each,32.9,110.0,0.0,0.0,0.0,0.0,27.0,2.0,24.0,21.0,0.0,0.0,ORANGE CHICKEN ELEMENTARY,6.0,False
20047,Orange Slices,6 Slices per 1/2 cup,131.0,83.0,2.0,0.0,0.0,0.0,20.0,6.0,,0.0,3.0,0.0,ORANGE CHICKEN ELEMENTARY,6.0,False
30009,Orange Tangerine Juice,Each,119.9,60.0,0.0,0.0,0.0,0.0,15.0,0.0,13.0,0.0,10.0,0.0,ORANGE CHICKEN ELEMENTARY,6.0,False
30063,Ketchup Packet,Packet,9.0,10.0,0.0,0.0,0.0,0.0,2.0,0.0,2.0,2.0,89.0,0.0,PARFAIT POWER PACK ELEMENTARY,0.0,False
30065,Mustard Packet,Packet,5.5,5.0,0.0,0.0,0.0,0.0,0.0,0.0,0.0,0.0,65.0,0.0,PARFAIT POWER PACK ELEMENTARY,0.0,False
60219,Mandarin  Parfait Power Pack,Power Pack,361.7,458.0,13.0,11.0,5.0,0.0,81.0,5.0,42.0,22.0,315.0,23.0,PARFAIT POWER PACK SECONDARY,14.0,False
60218,"Peach Parfait, Power Pack",Power Pack,354.6,428.0,12.0,11.0,4.0,0.0,75.0,4.0,41.0,21.0,350.0,23.0,PARFAIT POWER PACK SECONDARY,14.0,False
60150,Strawberry Parfait Power Pack,Power Pack,302.3,493.0,14.0,16.0,5.0,0.0,78.0,5.0,42.0,32.0,363.0,42.0,PARFAIT POWER PACK SECONDARY,14.0,False
60163,Strawberry Parfait Power Pack w/Egg,Power Pack,324.3,490.0,14.0,15.0,2.0,,76.0,5.0,41.0,32.0,225.0,208.0,PARFAIT POWER PACK SECONDARY,14.0,False
60066,Beef Meatballs,3 Meatballs EC Only,35.4,76.0,6.0,5.0,2.0,0.0,1.0,1.0,1.0,0.0,166.0,24.0,PASTA W/ MEATBALLS ELEMENTARY,6.0,False
10007,"Beef, Meatballs, Pre-Cooked",5 meatballs,70.9,151.0,12.0,10.0,4.0,1.0,2.0,1.0,1.0,0.0,332.0,48.0,PASTA W/ MEATBALLS ELEMENTARY,6.0,False
60030,Broccoli Alfredo Pasta,1 cup,735.8,438.0,24.0,16.0,8.0,0.0,54.0,6.0,10.0,,516.0,43.0,PASTA W/ MEATBALLS ELEMENTARY,6.0,False
60139,Italian Pasta Salad,2/3 cup (#6 scoop),483.0,273.0,14.0,8.0,4.0,0.0,38.0,5.0,8.0,4.0,794.0,15.0,PASTA W/ MEATBALLS ELEMENTARY,6.0,False
60026,"Pasta, Baked Penne",1 cup,1000.9,726.0,41.0,30.0,14.0,0.0,74.0,10.0,23.0,3.0,1134.0,61.0,PASTA W/ MEATBALLS ELEMENTARY,6.0,False
10076,"Pasta, Frozen, Penne",Serving Size,140.0,250.0,9.0,2.0,0.0,0.0,49.0,6.0,2.0,,20.0,,PASTA W/ MEATBALLS ELEMENTARY,6.0,False
60025,"Pasta, Macaroni, Prepared",1 cup cooked,530.3,190.0,7.0,1.0,0.0,0.0,41.0,4.0,2.0,0.0,19.0,0.0,PASTA W/ MEATBALLS ELEMENTARY,6.0,False
60024,"Pasta, Penne (Prepared)",1/2 cup cooked,265.1,95.0,4.0,1.0,0.0,0.0,20.0,2.0,1.0,,9.0,0.0,PASTA W/ MEATBALLS ELEMENTARY,6.0,False
60039,Pasta with Meat Sauce,serving,690.2,191.0,7.0,1.0,0.0,0.0,41.0,4.0,2.0,,22.0,0.0,PASTA W/MEAT SAUCE SECONDARY,18.0,False
60076,Penne Pasta with Marinara and Beef Meatballs,"cup cooked pasta, 1/2c sauce, 5 meatballs",754.6,492.0,28.0,19.0,8.0,1.0,54.0,7.0,10.0,1.0,668.0,63.0,PASTA W/MEATBALLS SECODNARY,14.0,False
60081,Penne Pasta with Marinara and Beef Meatballs,"1/2 cup cooked pasta, 1/2c sauce, 5 meatballs",489.4,397.0,25.0,18.0,8.0,1.0,34.0,5.0,9.0,1.0,659.0,63.0,PASTA W/MEATBALLS SECODNARY,14.0,False
60035,PB&J Power Pack,Power Packs,123.0,480.0,17.0,27.0,8.0,0.0,48.0,5.0,15.0,12.0,630.0,25.0,PBJ POWER PACK ELEMENTARY,10.0,False
60106,Turkey Pepperoni Power Pack,Power Pack,110.6,355.0,14.0,15.0,5.0,0.0,42.0,,11.0,7.0,1115.0,35.0,PBJ POWER PACK ELEMENTARY,10.0,False
10032,"Calzone, Turkey Pepperoni",1 calzone,142.0,270.0,,10.0,4.0,0.0,30.0,3.0,4.0,2.0,540.0,30.0,PEPPERONI PIZZA ELEMENTARY,6.0,False
20041,"Peppers, Green, Whole",1/2 cup,46.0,9.0,0.0,0.0,0.0,0.0,2.0,1.0,1.0,0.0,1.0,0.0,PEPPERONI PIZZA ELEMENTARY,0.0,False
20042,"Peppers, Red, Whole",1/4 cup,23.0,6.0,0.0,0.0,0.0,0.0,1.0,0.0,1.0,0.0,1.0,0.0,PEPPERONI PIZZA ELEMENTARY,0.0,False
60171,"Pizza, Turkey Pepperoni, Slice",Slice,153.4,348.0,22.0,16.0,8.0,0.0,29.0,3.0,3.0,1.0,569.0,39.0,PEPPERONI PIZZA ELEMENTARY,10.0,False
60046,Red Pepper Strips,1/2 cup,63.5,17.0,1.0,0.0,0.0,0.0,4.0,1.0,3.0,0.0,3.0,0.0,PEPPERONI PIZZA ELEMENTARY,0.0,False
60127,Turkey Pepperoni Lasagna,Each,226.2,336.0,21.0,11.0,5.0,0.0,36.0,3.0,10.0,1.0,625.0,32.0,PEPPERONI PIZZA ELEMENTARY,6.0,False
60041,Turkey Pepperoni Pizza,Slice,149.7,323.0,23.0,13.0,6.0,0.0,30.0,3.0,6.0,,429.0,35.0,PEPPERONI PIZZA ELEMENTARY,10.0,False
10055,"Turkey, Pepperoni",10 slices,19.0,30.0,3.0,2.0,1.0,0.0,1.0,0.0,1.0,,165.0,13.0,PEPPERONI PIZZA ELEMENTARY,6.0,False
20063,"CLPP, Fuji Apples",1 Each,150.0,,,,,,,,,,,,PINEAPPLE PARFAIT,0.0,False
30070,"Canned Pineapple, Tidbits",1/2 cup (drained),180.0,108.0,1.0,0.0,0.0,0.0,28.0,2.0,26.0,,2.0,0.0,PINEAPPLE PARFAIT,6.0,False
60062,Chilled Pineapple,1/2 cup,180.0,108.0,1.0,0.0,0.0,0.0,28.0,2.0,26.0,,2.0,0.0,PINEAPPLE PARFAIT,6.0,False
60049,Pineapple Parfait,Parfait,314.9,284.0,6.0,2.0,0.0,0.0,64.0,4.0,44.0,15.0,55.0,3.0,PINEAPPLE PARFAIT,10.0,False
10021,Apple Cinnamon Bread,1oz Grain (1/64 Baked Pan),63.0,206.0,3.0,8.0,1.0,0.0,33.0,2.0,18.0,17.0,110.0,19.0,PUMPKIN BREAD W/ STRING CHEESE,6.0,False
60178,Apple Cinnamon Bread (Grain for entree),1 square,63.0,206.0,3.0,8.0,1.0,0.0,33.0,2.0,18.0,17.0,110.0,19.0,PUMPKIN BREAD W/ STRING CHEESE,6.0,False
10080,Banana Bread,Each,102.0,280.0,5.0,7.0,1.0,0.0,51.0,2.0,26.0,25.0,180.0,30.0,PUMPKIN BREAD W/ STRING CHEESE,6.0,False
10022,"Batter, Banana Bread, WG",1oz Grain (1/64 Baked Pan),63.0,207.0,3.0,8.0,1.0,0.0,33.0,2.0,18.0,15.0,106.0,18.0,PUMPKIN BREAD W/ STRING CHEESE,6.0,False
10096,"Batter, Pumpkin Bread",1oz Grain (1/64 Baked Pan),63.0,194.0,3.0,7.0,1.0,0.0,31.0,2.0,16.0,15.0,105.0,17.0,PUMPKIN BREAD W/ STRING CHEESE,10.0,False
10038,"Bread, English Muffin, WG",Each,62.4,120.0,6.0,2.0,0.0,0.0,21.0,1.0,1.0,,270.0,0.0,PUMPKIN BREAD W/ STRING CHEESE,6.0,False
10027,"Bread, Loco",1/2 piece,28.0,75.0,2.0,2.0,0.0,0.0,13.0,2.0,1.0,,68.0,0.0,PUMPKIN BREAD W/ STRING CHEESE,6.0,False
20089,"Cheese, String, Mozzarella, Low-Fat IW",1 Stick,28.0,60.0,7.0,3.0,2.0,0.0,1.0,0.0,1.0,0.0,200.0,20.0,PUMPKIN BREAD W/ STRING CHEESE,10.0,False
60153,Pumpkin Bread,1 square,63.0,194.0,3.0,7.0,1.0,0.0,31.0,2.0,16.0,15.0,105.0,17.0,PUMPKIN BREAD W/ STRING CHEESE,10.0,False
60130,"Quesadilla, Cheese w/ 6 Inch Tortillas",Quesadilla,116.4,351.0,18.0,17.0,10.0,0.0,32.0,4.0,3.0,2.0,533.0,35.0,PUMPKIN BREAD W/ STRING CHEESE,10.0,False
20016,String Cheese,Each,28.0,80.0,6.0,6.0,4.0,0.0,2.0,0.0,1.0,0.0,200.0,20.0,PUMPKIN BREAD W/ STRING CHEESE,10.0,False
60156,"Taco, Turkey Barbacoa, Loco Bread",2 Tacos,176.4,292.0,23.0,9.0,2.0,0.0,29.0,3.0,1.0,,834.0,73.0,PUMPKIN BREAD W/ STRING CHEESE,6.0,False
30015,Whole Wheat Sliced Bread,Slice,31.0,80.0,4.0,2.0,0.0,0.0,15.0,2.0,1.0,0.0,160.0,0.0,PUMPKIN BREAD W/ STRING CHEESE,6.0,False
60167,Bean Salad (SUMMER),1 cup,316.7,237.0,12.0,2.0,0.0,0.0,42.0,10.0,7.0,4.0,756.0,0.0,SALAD BAR ELEMENTARY,6.0,False
60100,Black Beans - salad bar entree,1/2 cup,130.0,130.0,8.0,1.0,0.0,0.0,23.0,6.0,1.0,0.0,140.0,0.0,SALAD BAR ELEMENTARY,10.0,False
20066,"CLPP, Salad Mix, Green Leaf",Cup,17.0,3.0,0.0,0.0,0.0,0.0,0.0,0.0,0.0,0.0,5.0,0.0,SALAD BAR ELEMENTARY,6.0,False
60101,Chickpeas - salad bar entree,1/2 cup,130.0,80.0,4.0,1.0,0.0,0.0,14.0,4.0,2.0,0.0,140.0,0.0,SALAD BAR ELEMENTARY,10.0,False
20028,Lettuce Blend Salad Mix,1/2 cup,28.9,4.0,0.0,0.0,0.0,0.0,1.0,0.0,1.0,0.0,3.0,0.0,SALAD BAR ELEMENTARY,6.0,False
20079,"Lettuce, Green Salad Mix",1 cup,68.6,10.0,1.0,0.0,0.0,0.0,2.0,1.0,1.0,0.0,7.0,0.0,SALAD BAR ELEMENTARY,6.0,False
30030,Cheddar Chex Mix,Package,26.1,110.0,2.0,3.0,1.0,0.0,20.0,2.0,4.0,2.0,150.0,0.0,SIMPLY CHEX,6.0,False
30174,"Chex Mix, Cheddar - do not use",Package,29.2,110.0,2.0,3.0,0.0,0.0,20.0,2.0,4.0,4.0,130.0,0.0,SIMPLY CHEX,6.0,False
30138,Diet Coke 24/12oz,Each,340.2,,,,,,,,,,,,SPECIAL DIET MEAL ELEMENTARY,6.0,False
30016,"Bread, Hamburger Bun",Bun,57.0,140.0,6.0,2.0,0.0,0.0,27.0,4.0,3.0,3.0,220.0,0.0,SPICY CHICKEN ON BUN SECONDARY,6.0,False
30111,Doritos RF Spicy Sweet Chili,Each,28.3,,,,,,,,,,,,SPICY CHICKEN ON BUN SECONDARY,6.0,False
10013,"Patty, Chicken, Spicy, Breaded",2 strips,57.0,113.0,8.0,5.0,1.0,0.0,9.0,1.0,0.0,0.0,198.0,20.0,SPICY CHICKEN ON BUN SECONDARY,10.0,False
60121,"Sauce, Spicy Mayo",tbsp,19.4,39.0,0.0,3.0,1.0,0.0,2.0,0.0,1.0,1.0,211.0,6.0,SPICY CHICKEN ON BUN SECONDARY,6.0,False
60072,Spicy Breaded Chicken Patty on Bun,Sandwich,171.0,365.0,22.0,11.0,1.0,0.0,44.0,5.0,3.0,3.0,615.0,40.0,SPICY CHICKEN ON BUN SECONDARY,18.0,False
60131,"Wrap, Spicy Chicken on 6 Inch Tortillas",Wrap,195.3,446.0,24.0,17.0,5.0,0.0,48.0,5.0,2.0,2.0,646.0,50.0,SPICY CHICKEN ON BUN SECONDARY,14.0,False
60166,Shredded Chicken Wrap,Wrap,164.2,282.0,23.0,7.0,0.0,0.0,31.0,3.0,2.0,1.0,668.0,50.0,SPICY CHICKEN WRAP SECONDARY,10.0,False
60075,Spicy Chicken Wrap,Wrap,197.3,446.0,25.0,17.0,3.0,0.0,47.0,4.0,2.0,1.0,716.0,50.0,SPICY CHICKEN WRAP SECONDARY,14.0,False
60138,"Wrap, Breaded Chicken",Wrap,168.3,431.0,21.0,20.0,3.0,0.0,44.0,4.0,2.0,1.0,711.0,40.0,SPICY CHICKEN WRAP SECONDARY,10.0,False
60231,Apple Cinnamon Parfait,Parfait,156.7,182.0,5.0,2.0,0.0,0.0,38.0,2.0,19.0,15.0,54.0,3.0,STRAWBERRY PARFAIT,6.0,False
30194,"IZZE, Strawberry",each,238.1,70.0,0.0,0.0,0.0,0.0,16.0,0.0,14.0,0.0,10.0,0.0,STRAWBERRY PARFAIT,6.0,False
30050,Natural Blackberry Jam,Packet,14.2,35.0,,0.0,0.0,0.0,9.0,0.0,9.0,0.0,0.0,0.0,STRAWBERRY PARFAIT,0.0,False
30198,"Nutri-Grain, Strawberry (CVM) - DO NOT ORDER",each,37.7,130.0,2.0,3.0,0.0,0.0,25.0,2.0,13.0,12.0,115.0,0.0,STRAWBERRY PARFAIT,6.0,False
30207,"Nutri-Grain, Strawberry, IW",Each,44.0,150.0,2.0,3.0,0.0,0.0,30.0,3.0,12.0,12.0,140.0,0.0,STRAWBERRY PARFAIT,6.0,False
60033,Peach Parfait,Parfait,304.5,258.0,5.0,2.0,0.0,0.0,56.0,3.0,35.0,16.0,60.0,3.0,STRAWBERRY PARFAIT,6.0,False
30031,Strawberry Chex Mix,Package,29.2,120.0,2.0,3.0,1.0,0.0,23.0,2.0,6.0,6.0,55.0,0.0,STRAWBERRY PARFAIT,6.0,False
30044,Strawberry Flavored Dried Cranberries,Each,32.9,110.0,0.0,0.0,0.0,0.0,27.0,2.0,24.0,21.0,0.0,0.0,STRAWBERRY PARFAIT,6.0,False
60096,Strawberry Parfait,Parfait,211.3,206.0,5.0,2.0,0.0,0.0,43.0,3.0,23.0,15.0,53.0,3.0,STRAWBERRY PARFAIT,10.0,False
60169,Strawberry Smoothie,8oz portion,246.2,147.0,5.0,0.0,0.0,0.0,31.0,1.0,24.0,11.0,75.0,5.0,STRAWBERRY PARFAIT,6.0,False
10073,Whole Strawberries,1/2 cup thawed,76.3,30.0,0.0,0.0,0.0,0.0,7.0,1.0,4.0,,0.0,0.0,STRAWBERRY PARFAIT,0.0,False
30219,"Dressing, Ranch, Bulk, Lite (NEW)",2 TBSP,30.0,70.0,1.0,7.0,1.0,0.0,1.0,0.0,1.0,0.0,250.0,5.0,STRING CHEESE,0.0,False
30035,Ranch Dressing Packet,Packet,42.5,60.0,1.0,2.0,0.0,0.0,9.0,1.0,4.0,2.0,210.0,0.0,STRING CHEESE,0.0,False
60220,Taco Beef,1/3 cup (#12 scoop),219.7,108.0,8.0,5.0,2.0,,10.0,3.0,6.0,,56.0,22.0,TACO BEEF AREPAS-ES,10.0,False
10074,"Frozen Berry, Triple Berry Blend",1/2 cup (thawed),83.1,40.0,1.0,0.0,0.0,0.0,10.0,2.0,7.0,0.0,0.0,0.0,TRIPLE BERRY PARFAIT,10.0,False
60099,"Parfait, Triple Berry",Parfait,218.1,216.0,6.0,2.0,0.0,0.0,46.0,4.0,26.0,15.0,53.0,3.0,TRIPLE BERRY PARFAIT,14.0,False
30150,Powerade Mixed Berry Zero,Each,567.0,,,,,,,,,,,,TRIPLE BERRY PARFAIT,6.0,False
60168,Triple Berry Parfait Power Pack,Power Pack,309.1,503.0,15.0,16.0,5.0,0.0,81.0,6.0,45.0,32.0,363.0,42.0,TRIPLE BERRY PARFAIT,14.0,False
60103,"Sandwich, Turkey & Cheese on Sub Roll",sandwich,113.5,215.0,18.0,5.0,2.0,0.0,29.0,4.0,4.0,3.0,663.0,28.0,TURKEY & CHEESE ON BISCUIT,18.0,False
60134,Turkey & Cheese on Biscuit,Sandwich,113.3,272.0,14.0,11.0,6.0,0.0,30.0,2.0,4.0,2.0,655.0,21.0,TURKEY & CHEESE ON BISCUIT,22.0,False
60147,Turkey & Cheese on Sub Roll,sandwich,150.0,255.0,26.0,6.0,2.0,0.0,29.0,4.0,4.0,3.0,870.0,38.0,TURKEY & CHEESE ON BISCUIT,18.0,False
60158,Turkey & Cheese on loco bread,sandwich,126.5,260.0,18.0,8.0,3.0,0.0,30.0,3.0,3.0,,788.0,35.0,TURKEY & CHEESE ON BISCUIT,18.0,False
10103,"Arepas, Bulk WG",Each,99.8,120.0,2.0,1.0,0.0,0.0,26.0,3.0,0.0,0.0,200.0,0.0,TURKEY BARBACOA AREPAS W/ CHEESE ES,6.0,False
60012,Turkey Barbacoa Tacos on Flour Tortillas,2 Tacos,180.4,322.0,23.0,11.0,4.0,0.0,33.0,4.0,2.0,2.0,849.0,73.0,TURKEY SAUSAGE ON BISCUIT,10.0,False
10054,Turkey Breast Steak,2 Slices,79.0,80.0,17.0,2.0,1.0,0.0,0.0,0.0,0.0,0.0,440.0,30.0,TURKEY SAUSAGE ON BISCUIT,6.0,False
60011,Turkey Sausage Breakfast Biscuit,Sandwich,111.0,297.0,12.0,16.0,7.0,0.0,28.0,2.0,3.0,2.0,488.0,37.0,TURKEY SAUSAGE ON BISCUIT,14.0,False
10052,Turkey Sausage Patty,2 Eaches,79.9,173.0,15.0,15.0,5.0,0.0,0.0,0.0,0.0,0.0,396.0,74.0,TURKEY SAUSAGE ON BISCUIT,10.0,False
10051,"Turkey,  Breast, Pre-Sliced, Oven Roasted",3 Slices,42.5,40.0,9.0,1.0,0.0,0.0,0.0,0.0,0.0,,233.0,20.0,TURKEY SAUSAGE ON BISCUIT,6.0,False
60044,BBQ Vegan Burger,Sandwich,152.8,310.0,20.0,7.0,0.0,0.0,44.0,10.0,12.0,10.0,763.0,0.0,VEGAN BURGER SECONDARY,10.0,False
60006,Vegan Burger,Sandwich,120.8,270.0,20.0,7.0,0.0,0.0,35.0,10.0,4.0,3.0,668.0,0.0,VEGAN BURGER SECONDARY,10.0,False
20034,Cherry Vanilla Yogurt,Container,113.0,90.0,3.0,0.0,0.0,0.0,19.0,0.0,14.0,10.0,55.0,5.0,YOGURT POWER PACK ELEMENTARY,6.0,False
60036,Cherry Vanilla Yogurt Power Pack,Power Packs,203.0,320.0,14.0,7.0,4.0,0.0,51.0,3.0,16.0,10.0,395.0,25.0,YOGURT POWER PACK ELEMENTARY,14.0,False
20033,Peach Yogurt,Container,113.4,90.0,3.0,0.0,0.0,0.0,19.0,0.0,14.0,10.0,55.0,5.0,YOGURT POWER PACK ELEMENTARY,6.0,False
60038,Peach Yogurt Power Pack,Power Packs,203.4,320.0,14.0,7.0,4.0,0.0,51.0,3.0,16.0,10.0,395.0,25.0,YOGURT POWER PACK ELEMENTARY,14.0,False
60037,Strawberry & Banana Yogurt Power Pack,Power Packs,203.4,320.0,14.0,7.0,4.0,0.0,51.0,3.0,16.0,10.0,390.0,25.0,YOGURT POWER PACK ELEMENTARY,14.0,False
20032,Strawberry Banana Yogurt,each,113.4,90.0,3.0,0.0,0.0,0.0,19.0,0.0,14.0,10.0,50.0,5.0,YOGURT POWER PACK ELEMENTARY,6.0,False
20029,Vanilla Yogurt,1/2 cup,113.4,87.0,3.0,0.0,0.0,0.0,19.0,0.0,15.0,11.0,53.0,3.0,YOGURT POWER PACK ELEMENTARY,6.0,False
60003,Mashed Potatoes,4.2 oz (1/2 cup),114.7,71.0,2.0,1.0,0.0,0.0,13.0,1.0,0.0,1.0,327.0,0.0,$1.25 POPCORN,0.0,True
20035,"Onions, Red, Whole",2 Tablespoons (sliced),15.9,6.0,0.0,0.0,0.0,0.0,1.0,0.0,1.0,0.0,1.0,0.0,$1PRETZEL,0.0,True
20019,"Plums, Red, Whole",Each,65.2,30.0,0.0,0.0,0.0,0.0,7.0,1.0,6.0,0.0,0.0,0.0,$1PRETZEL,0.0,True
30107,Ranch Dressing,1 ounce,30.0,80.0,1.0,8.0,1.0,0.0,2.0,0.0,1.0,1.0,270.0,10.0,ALC LUNCH ENTREE ELEMENTARY,0.0,True
30034,Graham Crackers,Package,22.1,90.0,1.0,3.0,0.0,0.0,17.0,1.0,5.0,5.0,90.0,0.0,BAGEL W/CREAM CHEESE,0.0,True
20057,"CLPP, Cucumbers",1 cup,100.0,15.0,1.0,0.0,0.0,0.0,4.0,1.0,2.0,0.0,2.0,0.0,BLUEBERRY BREAD W/ STRING CHEESE,0.0,True
60111,Poultry Gravy,1/8 cup,62.4,71.0,1.0,1.0,0.0,0.0,6.0,,1.0,0.0,117.0,5.0,BLUEBERRY BREAD W/ STRING CHEESE,0.0,True
20018,Red Seedless Grapes,16 grapes per 1/2 cup,86.2,59.0,1.0,0.0,0.0,0.0,16.0,1.0,13.0,0.0,2.0,0.0,BREADED CHICKENLESS BITES ELEMENTARY,0.0,True
30215,"Cracker, IW, Wheat",Each,45.4,180.0,3.0,6.0,1.0,0.0,30.0,3.0,4.0,3.0,250.0,0.0,CHEEZ-IT,0.0,True
30140,Sprite 24/12oz,Each,340.2,,,,,,,,,,,,CHICKENLESS BITE W/ MAPLEL WAFFLE SECONDARY,0.0,True
20081,Tangerine Whole,Each,113.4,60.0,1.0,0.0,0.0,0.0,15.0,2.0,12.0,0.0,2.0,0.0,CHICKENLESS BITES W/ ORANGE SAUCE W/RICE,0.0,True
30092,Roasted Sunflower Seeds,Package,34.0,200.0,7.0,16.0,2.0,0.0,7.0,3.0,1.0,0.0,130.0,0.0,HAMBURGER SECONDARY,0.0,True
30186,Teddy Grahams,2 each,42.5,180.0,2.0,6.0,0.0,0.0,30.0,2.0,10.0,10.0,110.0,0.0,HAMBURGER SECONDARY,0.0,True
60090,Assorted Craisins,Packet,32.9,110.0,0.0,0.0,0.0,0.0,27.0,2.0,24.0,14.0,0.0,0.0,PARFAIT,0.0,True
20010,"Bartlett, Fresh Whole Pears",Each,178.0,101.0,1.0,0.0,0.0,0.0,27.0,6.0,17.0,0.0,2.0,0.0,PARFAIT,0.0,True
20080,"Carrots, Shredded",Cup,91.0,37.0,1.0,0.0,0.0,0.0,9.0,3.0,4.0,0.0,63.0,0.0,PARFAIT,0.0,True
30110,Doritos Flamas,Each,28.3,,,,,,,,,,,,PARFAIT,0.0,True
30077,Italian Dressing,1 ounce,31.0,15.0,0.0,0.0,0.0,0.0,3.0,0.0,2.0,2.0,260.0,0.0,PARFAIT,0.0,True
60051,Steamed Baby Carrots,1/2 cup,72.5,25.0,0.0,0.0,0.0,0.0,6.0,2.0,3.0,0.0,57.0,0.0,PARFAIT,0.0,True
30224,"Sunflower Seeds, Roasted, IW  ***New Packaging***",Package,28.3,160.0,6.0,14.0,1.0,0.0,7.0,3.0,1.0,0.0,140.0,0.0,PARFAIT,0.0,True
30064,Mayonnaise Packet,Packet,12.0,40.0,0.0,4.0,1.0,0.0,1.0,0.0,0.0,0.0,80.0,5.0,PARFAIT POWER PACK ELEMENTARY,0.0,True
60110,Cinnamon Applesauce,1/2 cup,127.8,51.0,0.0,0.0,0.0,0.0,15.0,1.0,12.0,0.0,0.0,0.0,PINEAPPLE PARFAIT,0.0,True
30117,WG Baked Funyuns,Each,21.3,,,,,,,,,,,,PREK FAMILY EVENT ADULT BREAKFAST CHARGED FROM FSO,0.0,True
